{
  "mode": "euler",
  "system": "duffing",
  "best_params": {
    "step_size": 0.001,
    "steps": 18.0,
    "projection_alpha": 0.6344753158751051,
    "lambda_context": 4.846923399908213,
    "lambda_ricci": 0.6885028866522603,
    "lambda_smooth": 2.8592998567487853,
    "lambda_var": 2.829384035734859
  },
  "best_fitness": -62.320414763091804,
  "best_metrics": {
    "prediction_error": 6.073894624710083,
    "state_error": 0.0,
    "energy_violation": 0.0009862944247722742,
    "smoothness": 1.6061598985359586,
    "constraint_violation": 5.390544276906439e-07,
    "convergence_rate": 0.05333333333333334
  },
  "fitness_history": [
    -62.320414763091804,
    -62.33318027675185,
    -62.33030630589457,
    -62.32410335866195,
    -62.32646913590968,
    -62.331902102794245,
    -62.33386721277666,
    -62.33027822381864,
    -62.33011798814302,
    -62.32674545129129
  ],
  "generations": 10,
  "total_time": 40.02867794036865,
  "timestamp": "20260104_193526"
}