{
  "mode": "delta",
  "system": "duffing",
  "best_params": {
    "step_size": 0.001,
    "steps": 17.0,
    "projection_alpha": 1.0,
    "lambda_context": 5.337788724380326,
    "lambda_ricci": 0.30059373713982146,
    "lambda_smooth": 1.5527133459257483,
    "lambda_var": 2.463409057094495,
    "delta_beta": 0.1450278964535947
  },
  "best_fitness": -62.281404422440744,
  "best_metrics": {
    "prediction_error": 6.072486248016357,
    "state_error": 0.0,
    "energy_violation": 0.0009862944247722742,
    "smoothness": 1.6079026867603434,
    "constraint_violation": 1.230890423947172e-13,
    "convergence_rate": 0.10666666666666667
  },
  "fitness_history": [
    -62.31670747895053,
    -62.323039954401054,
    -62.3043134012463,
    -62.307823589665695,
    -62.32840644469343,
    -62.32266735042782,
    -62.281404422440744,
    -62.28428561893109,
    -62.314194134940045,
    -62.31833206100859
  ],
  "generations": 10,
  "total_time": 40.822675943374634,
  "timestamp": "20260104_193607"
}