{
  "mode": "euler",
  "system": "pendulum",
  "best_params": {
    "step_size": 0.1,
    "steps": 21.0,
    "projection_alpha": 0.5276450011105911,
    "lambda_context": 5.051199348159403,
    "lambda_ricci": 0.5597919924120052,
    "lambda_smooth": 2.7521739535653302,
    "lambda_var": 2.761610971080005
  },
  "best_fitness": -95.13472463334567,
  "best_metrics": {
    "prediction_error": 8.997800750732422,
    "state_error": 0.0,
    "energy_violation": 0.10498501330522013,
    "smoothness": 4.929326744737296,
    "constraint_violation": 0.00348407093474331,
    "convergence_rate": 0.0
  },
  "fitness_history": [
    -95.49227486379753,
    -95.44127193541098,
    -95.40716420182196,
    -95.38952263022688,
    -95.41054738094337,
    -95.39810987816125,
    -95.40107766585088,
    -95.30179877200733,
    -95.36920036398963,
    -95.28950941106262,
    -95.30482419859295,
    -95.34094071749571,
    -95.29059324560716,
    -95.19963339071442,
    -95.20262692286818,
    -95.15800423856511,
    -95.13472463334567,
    -95.140687825827,
    -95.14338522499003,
    -95.20921295397041
  ],
  "generations": 20,
  "total_time": 128.5429048538208,
  "timestamp": "20260104_192956"
}