{
  "mode": "delta",
  "system": "pendulum",
  "best_params": {
    "step_size": 0.1,
    "steps": 19.0,
    "projection_alpha": 0.5,
    "lambda_context": 5.246336086783088,
    "lambda_ricci": 0.7070349122279178,
    "lambda_smooth": 1.2446885113281754,
    "lambda_var": 2.912922190404584,
    "delta_beta": 2.0
  },
  "best_fitness": -93.55817483436346,
  "best_metrics": {
    "prediction_error": 8.894684047698975,
    "state_error": 0.0,
    "energy_violation": 0.10498501330522013,
    "smoothness": 4.1956765976445425,
    "constraint_violation": 0.04113754662374655,
    "convergence_rate": 0.0
  },
  "fitness_history": [
    -94.64380236061825,
    -94.48246059819937,
    -93.90562360361162,
    -93.97606345078177,
    -93.82941022021639,
    -93.9167118233548,
    -93.65962029433933,
    -93.75940677614334,
    -93.64739250379613,
    -93.69401357866788,
    -93.55817483436346,
    -93.58479336549996,
    -93.64169828382576,
    -93.65712085151348,
    -93.56727772249903,
    -93.71574129448055,
    -93.75833776686284,
    -93.7143338656026,
    -93.79186270201265,
    -93.85686845423963
  ],
  "generations": 20,
  "total_time": 135.9579200744629,
  "timestamp": "20260104_193212"
}