{
  "mode": "delta",
  "best_params": {
    "step_size": 0.09360471814691107,
    "steps": 18.0,
    "projection_alpha": 0.894679029006986,
    "lambda_context": 4.266100631715655,
    "lambda_ricci": 0.01,
    "lambda_smooth": 0.01,
    "lambda_var": 4.988610132485774,
    "delta_beta": 1.7701346474781037
  },
  "best_fitness": -1.2424620031689606,
  "best_metrics": {
    "violation_mean": 0.00047739485278725625,
    "violation_std": 0.0005867659776294377,
    "loss_mean": 1.3987642538547516,
    "loss_std": 1.412752381497561,
    "convergence_rate": 0.82,
    "iterations_mean": 12.64,
    "drift_mean": 2.4892380078633627
  },
  "fitness_history": [
    -4.662203123942017,
    -1.4296359294942684,
    -1.3965689759867057,
    -1.6149133987062505,
    -1.4418163760288354,
    -1.3970126760916577,
    -1.4334171713350548,
    -1.441330829065165,
    -1.4640927028324868,
    -1.4409044326528946,
    -1.3484212693904014,
    -1.3361363541741027,
    -1.246151103820238,
    -1.3485691338778094,
    -1.3917315172817972,
    -1.3562652172841545,
    -1.363089297355877,
    -1.3396225672411837,
    -1.3249320046513136,
    -1.3265519845806477,
    -1.2454228866100312,
    -1.2425048216535814,
    -1.2448188857897187,
    -1.3355165856890379,
    -1.2424620031689606,
    -1.3326903598419289,
    -1.333257912011403,
    -1.3282016110492663,
    -1.3283034853573836,
    -1.3328086948575866,
    -1.3302346537148373,
    -1.3330971372096487,
    -1.3214268178280648,
    -1.3320680289508569,
    -1.3315419925697562,
    -1.3327100868016066,
    -1.3324996771378854,
    -1.314196135645163,
    -1.331797724718021,
    -1.3223600618830986,
    -1.3237088228555187,
    -1.3218918138840752,
    -1.3161692387395951,
    -1.3047675909451208,
    -1.333349369227524,
    -1.333074793337534,
    -1.333380130634436,
    -1.323955781597696,
    -1.3237244020304124,
    -1.3321706150813648
  ],
  "generations": 50,
  "total_time": 115.83350801467896,
  "config": {
    "population_size": 16,
    "num_episodes": 5,
    "steps_per_episode": 10,
    "embedding_dim": 32,
    "optimize_beta": true,
    "fixed_delta_beta": 1.0,
    "seed": 42
  },
  "timestamp": "20260104_193208"
}