{
  "mode": "euler",
  "best_params": {
    "step_size": 0.09117368880148533,
    "steps": 17.0,
    "projection_alpha": 0.7986572089202968,
    "lambda_context": 5.8317713975867225,
    "lambda_ricci": 0.01,
    "lambda_smooth": 0.01,
    "lambda_var": 5.507733501031226
  },
  "best_fitness": -1.3220474743242894,
  "best_metrics": {
    "violation_mean": 0.0005408905353397131,
    "violation_std": 0.0006771317851483544,
    "loss_mean": 1.3974337643384933,
    "loss_std": 1.4102012224265614,
    "convergence_rate": 0.66,
    "iterations_mean": 15.2,
    "drift_mean": 2.4920480463239882
  },
  "fitness_history": [
    -3.3116880878692285,
    -1.9890501519253523,
    -1.4062515559854605,
    -1.3491015958124208,
    -1.375479346110175,
    -1.4144241077825426,
    -1.3220474743242894,
    -1.3825371223957177,
    -1.3373700566333717,
    -1.9931296499673692,
    -1.348947849141276,
    -1.348993937439436,
    -1.3490909928746166,
    -1.3879176320901347,
    -1.406345336319258,
    -1.3426871508532916,
    -1.3560899720866129,
    -1.3557946003231012,
    -1.3554112360898096,
    -1.3401304212787526,
    -1.3558712011195408,
    -1.3459000536578645,
    -1.3559114381994326,
    -1.3410612447244863,
    -1.3389880395656089,
    -1.3423381196958428,
    -1.3397182063811406,
    -1.3412900113779405,
    -1.3389604002957802,
    -1.3401329653866638,
    -1.340178406964082,
    -1.3418718011376527,
    -1.343830566646777,
    -1.3593184835657788,
    -1.3432534195713945,
    -1.3420408812520972,
    -1.3411577279759026,
    -1.3439958946540074,
    -1.3414614644630474,
    -1.3394622444105335,
    -1.3400811701221391,
    -1.3402160294894645,
    -1.3401844059906176,
    -1.340205201312977,
    -1.3393182815716134,
    -1.3389844899039922,
    -1.3393654796441032,
    -1.33974813453284,
    -1.3392586026146698,
    -1.3391638921158544
  ],
  "generations": 50,
  "total_time": 107.14098405838013,
  "config": {
    "population_size": 16,
    "num_episodes": 5,
    "steps_per_episode": 10,
    "embedding_dim": 32,
    "optimize_beta": false,
    "fixed_delta_beta": 1.0,
    "seed": 42
  },
  "timestamp": "20260104_193012"
}