{
  "mode": "delta",
  "system": "duffing",
  "best_params": {
    "step_size": 0.001,
    "steps": 18.0,
    "projection_alpha": 0.7086737399279179,
    "lambda_context": 4.564589112915774,
    "lambda_ricci": 0.5727363526649965,
    "lambda_smooth": 2.7094983586410515,
    "lambda_var": 1.7472415441288405,
    "delta_beta": 0.1
  },
  "best_fitness": -61.524126399174506,
  "best_metrics": {
    "prediction_error": 6.009994646072387,
    "state_error": 0.0,
    "energy_violation": 0.0009476635717754862,
    "smoothness": 1.4622845965988782,
    "constraint_violation": 2.9416415190386403e-09,
    "convergence_rate": 0.08
  },
  "fitness_history": [
    -61.55362940713848,
    -61.55460722671039,
    -61.55537849849568,
    -61.54822721661761,
    -61.55212289583885,
    -61.531807258916324,
    -61.5524619629939,
    -61.55253579065663,
    -61.554594504603955,
    -61.559550061016914,
    -61.54299005309796,
    -61.5382370138799,
    -61.5424785455291,
    -61.541869418901435,
    -61.53457346436239,
    -61.524126399174506,
    -61.53392976215848,
    -61.54765040498548,
    -61.53563220885574,
    -61.54433097976001
  ],
  "generations": 20,
  "total_time": 197.7851231098175,
  "timestamp": "20260104_194526"
}