{
  "mode": "euler",
  "system": "duffing",
  "best_params": {
    "step_size": 0.001,
    "steps": 18.0,
    "projection_alpha": 0.5306135739172895,
    "lambda_context": 5.221206511989996,
    "lambda_ricci": 0.6012418091825315,
    "lambda_smooth": 2.3899828859407997,
    "lambda_var": 2.9596583497964213
  },
  "best_fitness": -61.55364368669662,
  "best_metrics": {
    "prediction_error": 6.010860467910766,
    "state_error": 0.0,
    "energy_violation": 0.0009476635717754862,
    "smoothness": 1.461136336837496,
    "constraint_violation": 1.4687215807498433e-06,
    "convergence_rate": 0.036
  },
  "fitness_history": [
    -61.5597338439506,
    -61.5604160594671,
    -61.56451010650559,
    -61.560658610493086,
    -61.565303296179145,
    -61.56507292743003,
    -61.56261097921961,
    -61.56426400361317,
    -61.56175782943417,
    -61.562124015718055,
    -61.55921635578715,
    -61.56490548590773,
    -61.56194393598613,
    -61.56622422824554,
    -61.56091649163705,
    -61.56086509598452,
    -61.55452115958449,
    -61.566004168593324,
    -61.55364368669662,
    -61.569230586661185
  ],
  "generations": 20,
  "total_time": 189.2051968574524,
  "timestamp": "20260104_194208"
}