{
  "timestamp": "2026-01-03T04:45:30.547216",
  "config": {
    "input_dim": 64,
    "output_dim": 32,
    "num_nodes": 6,
    "num_edges": 12,
    "num_steps": 20,
    "lr": 0.001,
    "K": 5,
    "num_seeds": 1,
    "save_results": true,
    "output_dir": "experiments/results"
  },
  "experiments": {
    "gradient_flow": [
      {
        "seed": 42,
        "grad_exists": true,
        "grad_norm": 72.09049224853516,
        "grad_nonzero": true,
        "solver_loss": 100.3380126953125
      }
    ],
    "learning_curve": [
      {
        "seed": 42,
        "loss_history": [
          0.2624247372150421,
          0.2722974717617035,
          0.27829521894454956,
          0.2446434497833252,
          0.2742433547973633,
          0.2297990620136261,
          0.24672441184520721,
          0.25347015261650085,
          0.2680667042732239,
          0.2646471858024597,
          0.25417304039001465,
          0.23845274746418,
          0.21911299228668213,
          0.20337383449077606,
          0.23932674527168274,
          0.26357895135879517,
          0.25349676609039307,
          0.21337899565696716,
          0.26413244009017944,
          0.23572733998298645
        ],
        "w_lin_norm_history": [
          6.441655158996582,
          6.428215980529785,
          6.4145402908325195,
          6.400680065155029,
          6.3868536949157715,
          6.373173236846924,
          6.35953950881958,
          6.345848560333252,
          6.332136631011963,
          6.3182549476623535,
          6.304275989532471,
          6.290332317352295,
          6.276490688323975,
          6.262845039367676,
          6.249200344085693,
          6.235509395599365,
          6.221826076507568,
          6.208289623260498,
          6.1946702003479,
          6.181049823760986
        ],
        "initial_loss": 0.26638084650039673,
        "final_loss": 0.24606289863586425,
        "improved": "True",
        "improvement_ratio": 0.07627377064713836
      }
    ],
    "k_ablation": [
      {
        "seed": 42,
        "results": {
          "K=1": {
            "K": 1,
            "final_loss": 0.23847514986991883,
            "num_steps": 20
          },
          "K=3": {
            "K": 3,
            "final_loss": 0.2046761304140091,
            "num_steps": 20
          },
          "K=5": {
            "K": 5,
            "final_loss": 0.221088907122612,
            "num_steps": 20
          },
          "K=10": {
            "K": 10,
            "final_loss": 0.19695308804512024,
            "num_steps": 20
          }
        }
      }
    ],
    "phase_comparison": [
      {
        "seed": 42,
        "e2e_loss_history": [
          0.2624247372150421,
          0.2722974717617035,
          0.27829521894454956,
          0.2446434497833252,
          0.2742433547973633,
          0.2297990620136261,
          0.24672441184520721,
          0.25347015261650085,
          0.2680667042732239,
          0.2646471858024597,
          0.25417304039001465,
          0.23845274746418,
          0.21911299228668213,
          0.20337383449077606,
          0.23932674527168274,
          0.26357895135879517,
          0.25349676609039307,
          0.21337899565696716,
          0.26413244009017944,
          0.23572733998298645
        ],
        "surrogate_loss_history": [
          0.37061047554016113,
          0.3676135241985321,
          0.36592036485671997,
          0.37012195587158203,
          0.37049785256385803,
          0.3687736988067627,
          0.36977627873420715,
          0.3671519458293915,
          0.3670542538166046,
          0.37221503257751465,
          0.36798590421676636,
          0.36707836389541626,
          0.37068939208984375,
          0.3664279580116272,
          0.36641770601272583,
          0.3674772381782532,
          0.368459552526474,
          0.36563336849212646,
          0.37196752429008484,
          0.3690263330936432
        ],
        "e2e_final": 0.23847538530826567,
        "surrogate_final": 0.3681163340806961
      }
    ]
  }
}