{
  "mode": "delta",
  "system": "duffing",
  "best_params": {
    "step_size": 0.1,
    "steps": 23.0,
    "projection_alpha": 0.5,
    "lambda_context": 4.955819007348868,
    "lambda_ricci": 1.0,
    "lambda_smooth": 0.1,
    "lambda_var": 1.528089054332498,
    "delta_beta": 2.0
  },
  "best_fitness": -60.277497297763844,
  "best_metrics": {
    "prediction_error": 5.853496934890747,
    "state_error": 0.0,
    "energy_violation": 0.0009476635717754862,
    "smoothness": 1.4419165674521,
    "constraint_violation": 0.07174321085214615,
    "convergence_rate": 0.12
  },
  "fitness_history": [
    -61.55362940713848,
    -61.52781190615095,
    -61.55297471654085,
    -61.523398638835346,
    -61.5425674885919,
    -61.44725008376041,
    -61.46653521699749,
    -61.062704517247134,
    -61.07071538254132,
    -61.007838960209085,
    -61.07467611703033,
    -60.85146656460408,
    -60.79440194436957,
    -60.45190686780308,
    -60.28456466035699,
    -60.289050167851336,
    -60.277497297763844,
    -60.72344209167896,
    -60.69211585924063,
    -60.745066491691766,
    -60.378390157149184,
    -60.316104811793714,
    -60.31485650239311,
    -60.31969768324254,
    -60.352000053914864,
    -60.58032889128645,
    -60.31665576854837,
    -60.332557603985094,
    -60.43993524125282,
    -60.34506337696863,
    -60.29387714974249,
    -60.36528515887689,
    -60.337054859937474,
    -60.54375637235631,
    -60.60569151545759,
    -60.601305072797224,
    -60.314454043165185,
    -60.29960451456603,
    -60.33825745671686,
    -60.45203788408184,
    -60.35100138582992,
    -60.32617705276429,
    -60.35459813852398,
    -60.35837129188316,
    -60.353616778476535,
    -60.334196495941725,
    -60.31564713591888,
    -60.35069524864398,
    -60.322685161565055,
    -60.334913767724046,
    -60.3149194350468,
    -60.349294767730726,
    -60.341700814515384,
    -60.33734452129812,
    -60.342655068395125,
    -60.33275262959273,
    -60.340165182284586,
    -60.33121560354199,
    -60.330548347739565,
    -60.34049809814658,
    -60.338714915871655,
    -60.33336105909461,
    -60.32845752150613,
    -60.33558557773126,
    -60.33336864130232,
    -60.32989746389891,
    -60.3311916647055,
    -60.32655396081237,
    -60.332781384673076,
    -60.3351601731595,
    -60.32810243953919,
    -60.3267906383185,
    -60.3313671745567,
    -60.32693279338555,
    -60.33414414657321,
    -60.32717814896669,
    -60.324978163167565,
    -60.326443032854705,
    -60.32789314722713,
    -60.32500993206552,
    -60.32658096649639,
    -60.32477220616295,
    -60.32880525898145,
    -60.32640144015029,
    -60.319697085664615,
    -60.3245584894784,
    -60.32227787058027,
    -60.320610177024314,
    -60.32710144053189,
    -60.32720082981431,
    -60.32513051010337,
    -60.32425206033067,
    -60.32870587297181,
    -60.31947441000662,
    -60.32538329555189,
    -60.32681323311283,
    -60.31598356855283,
    -60.33073523967244,
    -60.33032694562299,
    -60.32269580242587,
    -60.32655554678492,
    -60.32318215884423,
    -60.32460821167611,
    -60.32512846926709,
    -60.33269262518813,
    -60.328419309339374,
    -60.32874724571075,
    -60.32769146632665,
    -60.32562104871203,
    -60.32515374024733,
    -60.326894208926966,
    -60.320431082510254,
    -60.32512766112908,
    -60.32460059817169,
    -60.32220485838764,
    -60.3250349937696,
    -60.321249421901875,
    -60.31949553124092,
    -60.32031655009003,
    -60.32445331715324,
    -60.32484186803932,
    -60.31660692391836,
    -60.326916388214265,
    -60.315613668017875,
    -60.32767838645836,
    -60.3256770952697,
    -60.32365135171951,
    -60.321225971911055,
    -60.32069130876541,
    -60.32106018227889,
    -60.31925544042919,
    -60.32059579955682,
    -60.322826774072304,
    -60.32234670053394,
    -60.3221630160602,
    -60.327576984765,
    -60.318745528501545,
    -60.318284223343674,
    -60.317470517288086,
    -60.31680481700754,
    -60.32279791471973,
    -60.32463832787838,
    -60.32939006837901,
    -60.32775346636653,
    -60.32821819056239,
    -60.329935852580554,
    -60.32732486829651,
    -60.32087871156788,
    -60.31873435933313,
    -60.31990805288301
  ],
  "generations": 150,
  "total_time": 4709.8326280117035,
  "timestamp": "20260105_005907"
}