{
  "mode": "delta",
  "best_params": {
    "step_size": 0.001,
    "steps": 16.0,
    "projection_alpha": 0.6997450798061646,
    "lambda_context": 4.082448135101281,
    "lambda_ricci": 0.01,
    "lambda_smooth": 0.01,
    "lambda_var": 5.614165993893349
  },
  "best_fitness": -2.0084895147073034,
  "best_metrics": {
    "violation_mean": 5.13779554012217e-07,
    "violation_std": 3.6589032080406074e-07,
    "loss_mean": 2.116461905837059,
    "loss_std": 1.493868470201165,
    "convergence_rate": 0.7,
    "iterations_mean": 14.533333333333333,
    "drift_mean": 2.4202247107470476
  },
  "fitness_history": [
    -14.644751078469948,
    -8.878442354267255,
    -3.5364064332084837,
    -3.680401454445113,
    -2.724682129575124,
    -2.0084895147073034,
    -2.1569746070438742,
    -2.009065209949871,
    -2.2974256115671277,
    -2.157262361380871,
    -2.1565925272527346,
    -2.15707118058654,
    -2.0096290884195076,
    -2.307618439639123,
    -2.1431194158210594,
    -2.134231882653182,
    -2.2892438983651355,
    -2.01045567372419,
    -2.309360821544262,
    -2.143371703898258
  ],
  "generations": 20,
  "total_time": 12.39361310005188,
  "config": {
    "population_size": 8,
    "num_episodes": 3,
    "steps_per_episode": 10,
    "embedding_dim": 32,
    "optimize_beta": false,
    "fixed_delta_beta": 1.0,
    "seed": 42
  },
  "timestamp": "20260104_192001"
}