{
  "mode": "euler",
  "best_params": {
    "step_size": 0.001,
    "steps": 16.0,
    "projection_alpha": 0.6997450798061646,
    "lambda_context": 4.082448135101281,
    "lambda_ricci": 0.01,
    "lambda_smooth": 0.01,
    "lambda_var": 5.614165993893349
  },
  "best_fitness": -2.008489494969469,
  "best_metrics": {
    "violation_mean": 5.13792591997723e-07,
    "violation_std": 3.658989890931486e-07,
    "loss_mean": 2.11646189391613,
    "loss_std": 1.493868474175212,
    "convergence_rate": 0.7,
    "iterations_mean": 14.5,
    "drift_mean": 2.420224631274188
  },
  "fitness_history": [
    -14.64475107666902,
    -8.878442354286127,
    -3.5364138121621824,
    -3.680401450761215,
    -2.7246821393041625,
    -2.008489494969469,
    -2.1569750358661843,
    -2.0090652059749963,
    -2.2974256048014032,
    -2.157261121604262,
    -2.156592521513029,
    -2.1570707422716446,
    -2.0096291202086505,
    -2.307618036976633,
    -2.1431194493926506,
    -2.1342318314903728,
    -2.2892439238593703,
    -2.0104556697504625,
    -2.309360818118202,
    -2.159843829827797
  ],
  "generations": 20,
  "total_time": 11.88422703742981,
  "config": {
    "population_size": 8,
    "num_episodes": 3,
    "steps_per_episode": 10,
    "embedding_dim": 32,
    "optimize_beta": false,
    "fixed_delta_beta": 1.0,
    "seed": 42
  },
  "timestamp": "20260104_191948"
}