{
  "mode": "delta",
  "best_params": {
    "step_size": 0.001,
    "steps": 18.0,
    "projection_alpha": 0.6790694807912506,
    "lambda_context": 5.2963375580272745,
    "lambda_ricci": 0.01,
    "lambda_smooth": 0.01,
    "lambda_var": 4.739614428264629,
    "delta_beta": 1.2131180527314436
  },
  "best_fitness": -1.951457818746303,
  "best_metrics": {
    "violation_mean": 9.40601004610168e-07,
    "violation_std": 6.696913926772374e-07,
    "loss_mean": 2.0712711493174236,
    "loss_std": 1.4980632301198649,
    "convergence_rate": 0.7333333333333333,
    "iterations_mean": 14.866666666666667,
    "drift_mean": 2.468439300855001
  },
  "fitness_history": [
    -5.809478132675091,
    -1.9514925215606127,
    -2.0833811342716944,
    -1.9531064848105646,
    -2.0764761724349228,
    -2.1577824117615823,
    -1.951457818746303,
    -2.1401887043068806,
    -1.9856097976167866,
    -1.9520756868667228,
    -1.952400640413828,
    -1.9519081820335147,
    -1.952149260186621,
    -1.952225915354228,
    -1.9522106145722253,
    -2.054198268040394,
    -2.161572000818948,
    -2.189373691985383,
    -1.952341297164632,
    -1.952065817574881
  ],
  "generations": 20,
  "total_time": 8.795382022857666,
  "config": {
    "population_size": 8,
    "num_episodes": 3,
    "steps_per_episode": 5,
    "embedding_dim": 32,
    "optimize_beta": true,
    "fixed_delta_beta": 0.5,
    "seed": 42
  },
  "timestamp": "20260104_191835"
}