{
  "mode": "euler",
  "best_params": {
    "step_size": 0.001,
    "steps": 16.0,
    "projection_alpha": 0.6997450798061646,
    "lambda_context": 4.082448135101281,
    "lambda_ricci": 0.01,
    "lambda_smooth": 0.01,
    "lambda_var": 5.614165993893349
  },
  "best_fitness": -1.9523216553166778,
  "best_metrics": {
    "violation_mean": 5.299611416376138e-07,
    "violation_std": 3.7732025007505855e-07,
    "loss_mean": 2.07212148308754,
    "loss_std": 1.498527683848139,
    "convergence_rate": 0.7333333333333333,
    "iterations_mean": 14.066666666666666,
    "drift_mean": 2.468615392843882
  },
  "fitness_history": [
    -14.577115764288495,
    -8.519124558723387,
    -3.399733937368728,
    -3.578137854859233,
    -2.65513784472411,
    -1.9523216553166778,
    -2.0842323939006397,
    -1.9528588631872255,
    -2.208189558920761,
    -2.0844994962216292,
    -2.083867045243662,
    -2.0843218266964803,
    -1.9534275591374004,
    -2.218162898222673,
    -2.1210669360899677,
    -2.0872626244866597,
    -2.0915658282892156,
    -2.285475419423468,
    -2.183879813676079,
    -2.177750534564256
  ],
  "generations": 20,
  "total_time": 5.777092218399048,
  "config": {
    "population_size": 8,
    "num_episodes": 3,
    "steps_per_episode": 5,
    "embedding_dim": 32,
    "optimize_beta": false,
    "fixed_delta_beta": 1.0,
    "seed": 42
  },
  "timestamp": "20260104_191826"
}